{
    "version": 1,
    "author": "Aprilia Putry Nabila",
    "editor": "wokwi",
    "parts": [
      { "type": "board-esp32-devkit-c-v4", "id": "esp", "top": 0, "left": 0, "attrs": {} },
      { "type": "wokwi-led", "id": "led1", "top": -90, "left": -169, "attrs": { "color": "red" } },
      {
        "type": "wokwi-led",
        "id": "led2",
        "top": -90,
        "left": -236.2,
        "attrs": { "color": "yellow" }
      },
      {
        "type": "wokwi-led",
        "id": "led3",
        "top": -90,
        "left": -293.8,
        "attrs": { "color": "green" }
      }
    ],
    "connections": [
      [ "esp:TX", "$serialMonitor:RX", "", [] ],
      [ "esp:RX", "$serialMonitor:TX", "", [] ],
      [ "led1:A", "esp:26", "green", [ "v0" ] ],
      [ "led1:C", "esp:GND.1", "green", [ "v0" ] ],
      [ "led2:A", "esp:33", "green", [ "v0" ] ],
      [ "led2:C", "esp:GND.1", "green", [ "v0" ] ],
      [ "led3:A", "esp:25", "green", [ "v0" ] ],
      [ "led3:C", "esp:GND.1", "green", [ "v0" ] ]
    ],
    "dependencies": {}
  }